recorded_at_utc,symbol,signal_open_time,signal_close,ai_score,ai_percent,quote_volume_24h,triggered
2026-09-30T04:48:46.604098+00:00,CBRSBUSDT,2026-09-29 00:00:00+00:00,192.88,0.6880945463365293,68.80945463365293,1207998.78693,False
2026-09-30T04:48:46.604098+00:00,ARUSDT,2026-09-29 00:00:00+00:00,4.221,0.6310523425603944,63.105234256039445,3403992.46509,False
2026-09-30T04:48:46.604098+00:00,BOMEUSDT,2026-09-29 00:00:00+00:00,0.0009947,0.6293240093118656,62.932400931186564,2005303.0502292,False
2026-09-30T04:48:46.604098+00:00,0GUSDT,2026-09-29 00:00:00+00:00,0.3277,0.5839369574797598,58.39369574797598,25424394.15551,False
2026-09-30T04:48:46.604098+00:00,AVAXUSDT,2026-09-29 00:00:00+00:00,11.436,0.5812479899233436,58.12479899233436,115803105.04607,False
2026-09-30T04:48:46.604098+00:00,CHZUSDT,2026-09-29 00:00:00+00:00,0.01618,0.5745219665770798,57.45219665770798,1788155.34848,False
2026-09-30T04:48:46.604098+00:00,ACEUSDT,2026-09-29 00:00:00+00:00,0.1792,0.5735954178386032,57.35954178386032,5245030.34585,False
2026-09-30T04:48:46.604098+00:00,NEIROUSDT,2026-09-29 00:00:00+00:00,9.137e-05,0.5704313467371118,57.04313467371118,3010952.03168051,False
2026-09-30T04:48:46.604098+00:00,SNDKBUSDT,2026-09-29 00:00:00+00:00,1727.25,0.5676256288879927,56.76256288879927,11662053.396955,False
2026-09-30T04:48:46.604098+00:00,ZROUSDT,2026-09-29 00:00:00+00:00,1.668,0.553595841499715,55.3595841499715,20072757.17647,False
2026-09-30T04:48:46.604098+00:00,KITEUSDT,2026-09-29 00:00:00+00:00,0.1341,0.5482760463522888,54.82760463522888,2022769.64211,False
2026-09-30T04:48:46.604098+00:00,MORPHOUSDT,2026-09-29 00:00:00+00:00,2.474,0.547513138795904,54.7513138795904,6550989.9924,False
2026-09-30T04:48:46.604098+00:00,NILUSDT,2026-09-29 00:00:00+00:00,0.07825,0.5468911298140594,54.68911298140594,4321440.023156,False
2026-09-30T04:48:46.604098+00:00,QQQBUSDT,2026-09-29 00:00:00+00:00,740.38,0.5436493319620542,54.36493319620542,4212817.83914,False
2026-09-30T04:48:46.604098+00:00,SNXXBUSDT,2026-09-29 00:00:00+00:00,16.49,0.5435968271092633,54.35968271092633,4016579.81,False
2026-09-30T04:48:46.604098+00:00,ONEUSDT,2026-09-29 00:00:00+00:00,0.002372,0.5429277329593661,54.29277329593661,6089650.8403854,False
2026-09-30T04:48:46.604098+00:00,HAEDALUSDT,2026-09-29 00:00:00+00:00,0.0192,0.5412800299207297,54.128002992072965,1753176.0885,False
2026-09-30T04:48:46.604098+00:00,INTCBUSDT,2026-09-29 00:00:00+00:00,116.85,0.5400465700871783,54.00465700871783,9989083.11606,False
2026-09-30T04:48:46.604098+00:00,DOGEUSDT,2026-09-29 00:00:00+00:00,0.09389,0.5397647962070882,53.976479620708815,58317368.51224,False
2026-09-30T04:48:46.604098+00:00,TRXUSDT,2026-09-29 00:00:00+00:00,0.3344,0.5391275743641853,53.91275743641854,22601733.51764,False
2026-09-30T04:48:46.604098+00:00,PARTIUSDT,2026-09-29 00:00:00+00:00,0.0259,0.5378019643172135,53.78019643172135,1321778.59978,False
2026-09-30T04:48:46.604098+00:00,BNBUSDT,2026-09-29 00:00:00+00:00,758.66,0.5366059614785973,53.66059614785973,93625765.24661,False
2026-09-30T04:48:46.604098+00:00,ZECUSDT,2026-09-29 00:00:00+00:00,1417.36,0.5363317143998464,53.633171439984636,248922337.55924,False
2026-09-30T04:48:46.604098+00:00,VTHOUSDT,2026-09-29 00:00:00+00:00,0.000691,0.5360701344932084,53.60701344932084,18361945.821459,False
2026-09-30T04:48:46.604098+00:00,SKHYBUSDT,2026-09-29 00:00:00+00:00,187.07,0.5349081832170682,53.490818321706826,2690930.24664,False
2026-09-30T04:48:46.604098+00:00,COINBUSDT,2026-09-29 00:00:00+00:00,190.42,0.5343351330811166,53.43351330811166,4591174.67006,False
2026-09-30T04:48:46.604098+00:00,NIGHTUSDT,2026-09-29 00:00:00+00:00,0.03238,0.5339632267200168,53.39632267200168,8880002.59141,False
2026-09-30T04:48:46.604098+00:00,XRPUSDT,2026-09-29 00:00:00+00:00,1.4906,0.5327568148069597,53.275681480695965,278271375.71292,False
2026-09-30T04:48:46.604098+00:00,TIAUSDT,2026-09-29 00:00:00+00:00,0.4408,0.5312572319295573,53.12572319295573,9590995.912352,False
2026-09-30T04:48:46.604098+00:00,DODOUSDT,2026-09-29 00:00:00+00:00,0.01832,0.52964951327305,52.964951327305,1968103.870971,False
2026-09-30T04:48:46.604098+00:00,RENDERUSDT,2026-09-29 00:00:00+00:00,1.909,0.5277359479499966,52.77359479499965,5761633.44502,False
2026-09-30T04:48:46.604098+00:00,FLOKIUSDT,2026-09-29 00:00:00+00:00,2.74e-05,0.5257005303861934,52.570053038619335,2117873.57301857,False
2026-09-30T04:48:46.604098+00:00,GRAMUSDT,2026-09-29 00:00:00+00:00,1.481,0.5255509923751664,52.55509923751664,17751832.50745,False
2026-09-30T04:48:46.604098+00:00,IOTAUSDT,2026-09-29 00:00:00+00:00,0.0522,0.5244680241247124,52.446802412471236,2706850.024,False
2026-09-30T04:48:46.604098+00:00,SEIUSDT,2026-09-29 00:00:00+00:00,0.07327,0.52256069417994,52.256069417994,10518000.447931,False
2026-09-30T04:48:46.604098+00:00,SHIBUSDT,2026-09-29 00:00:00+00:00,5.76e-06,0.519059812963517,51.9059812963517,4522690.64621631,False
2026-09-30T04:48:46.604098+00:00,SUIUSDT,2026-09-29 00:00:00+00:00,1.1525,0.5174801744431856,51.74801744431856,100207694.40095,False
2026-09-30T04:48:46.604098+00:00,YBUSDT,2026-09-29 00:00:00+00:00,0.0892,0.516248803505719,51.6248803505719,1564704.93781,False
2026-09-30T04:48:46.604098+00:00,DEXEUSDT,2026-09-29 00:00:00+00:00,1.832,0.5142926103070738,51.42926103070739,1465609.07632,False
2026-09-30T04:48:46.604098+00:00,ARBUSDT,2026-09-29 00:00:00+00:00,0.2035,0.5137217980803749,51.37217980803749,25416681.19468,False
2026-09-30T04:48:46.604098+00:00,WLFIUSDT,2026-09-29 00:00:00+00:00,0.0565,0.5120492908719985,51.204929087199844,6107002.03413,False
2026-09-30T04:48:46.604098+00:00,WIFUSDT,2026-09-29 00:00:00+00:00,0.2404,0.5114193303579566,51.14193303579566,3410496.740803,False
2026-09-30T04:48:46.604098+00:00,CRCLBUSDT,2026-09-29 00:00:00+00:00,83.99,0.5112383803681544,51.12383803681544,19795980.8737,False
2026-09-30T04:48:46.604098+00:00,SOLUSDT,2026-09-29 00:00:00+00:00,119.15,0.506403100192644,50.6403100192644,278320993.54673,False
2026-09-30T04:48:46.604098+00:00,OPUSDT,2026-09-29 00:00:00+00:00,0.1289,0.506276691142172,50.6276691142172,7734435.74161,False
2026-09-30T04:48:46.604098+00:00,ZKUSDT,2026-09-29 00:00:00+00:00,0.01204,0.5058913339685231,50.58913339685232,1570292.034828,False
2026-09-30T04:48:46.604098+00:00,JTOUSDT,2026-09-29 00:00:00+00:00,0.5503,0.5027410834089053,50.274108340890535,2458739.02534,False
2026-09-30T04:48:46.604098+00:00,INJUSDT,2026-09-29 00:00:00+00:00,7.615,0.5027364609959947,50.27364609959947,14710888.89157,False
2026-09-30T04:48:46.604098+00:00,TAOUSDT,2026-09-29 00:00:00+00:00,300.7,0.5021289741976928,50.21289741976928,42261331.66516,False
2026-09-30T04:48:46.604098+00:00,MUBUSDT,2026-09-29 00:00:00+00:00,1072.27,0.5020259460429135,50.20259460429135,3768272.24695,False
2026-09-30T04:48:46.604098+00:00,LUNCUSDT,2026-09-29 00:00:00+00:00,5.303e-05,0.5018390525870366,50.18390525870367,1438156.95082718,False
2026-09-30T04:48:46.604098+00:00,MSTRBUSDT,2026-09-29 00:00:00+00:00,155.76,0.500573033337409,50.0573033337409,18041574.61247,False
2026-09-30T04:48:46.604098+00:00,ADAUSDT,2026-09-29 00:00:00+00:00,0.2445,0.5001787947861654,50.01787947861654,37902170.2405,False
2026-09-30T04:48:46.604098+00:00,VIRTUALUSDT,2026-09-29 00:00:00+00:00,0.7721,0.499564419101054,49.9564419101054,10021306.73,False
2026-09-30T04:48:46.604098+00:00,MOVRUSDT,2026-09-29 00:00:00+00:00,1.253,0.4994420731074099,49.94420731074099,9990121.318032,False
2026-09-30T04:48:46.604098+00:00,MEGAUSDT,2026-09-29 00:00:00+00:00,0.04204,0.499347657063399,49.9347657063399,1397796.004769,False
2026-09-30T04:48:46.604098+00:00,APTUSDT,2026-09-29 00:00:00+00:00,0.7903,0.49843312423373537,49.84331242337354,13406567.966811,False
2026-09-30T04:48:46.604098+00:00,ETHUSDT,2026-09-29 00:00:00+00:00,2677.98,0.4962618927963233,49.626189279632335,845473003.649893,False
2026-09-30T04:48:46.604098+00:00,PAXGUSDT,2026-09-29 00:00:00+00:00,4191.94,0.49615473370462554,49.61547337046255,20358097.716887,False
2026-09-30T04:48:46.604098+00:00,ENAUSDT,2026-09-29 00:00:00+00:00,0.2484,0.4954018136987265,49.54018136987265,45158066.900167,False
2026-09-30T04:48:46.604098+00:00,ORCLBUSDT,2026-09-29 00:00:00+00:00,139.04,0.494182236492862,49.418223649286205,1337186.59364,False
2026-09-30T04:48:46.604098+00:00,GIGGLEUSDT,2026-09-29 00:00:00+00:00,37.11,0.4939655413835484,49.396554138354844,2258899.45782,False
2026-09-30T04:48:46.604098+00:00,LTCUSDT,2026-09-29 00:00:00+00:00,66.83,0.49383870001711533,49.383870001711536,29023779.33846,False
2026-09-30T04:48:46.604098+00:00,PYTHUSDT,2026-09-29 00:00:00+00:00,0.07875,0.49174637789125414,49.17463778912541,3682007.284646,False
2026-09-30T04:48:46.604098+00:00,EDENUSDT,2026-09-29 00:00:00+00:00,0.0617,0.4912214966892988,49.12214966892988,1992024.501747,False
2026-09-30T04:48:46.604098+00:00,APEUSDT,2026-09-29 00:00:00+00:00,0.1486,0.4900670399376634,49.00670399376634,1622037.498042,False
2026-09-30T04:48:46.604098+00:00,GOOGLBUSDT,2026-09-29 00:00:00+00:00,341.32,0.4899888402744145,48.998884027441456,1897583.58547,False
2026-09-30T04:48:46.604098+00:00,SAHARAUSDT,2026-09-29 00:00:00+00:00,0.00914,0.4883013065960583,48.83013065960583,1245618.66638,False
2026-09-30T04:48:46.604098+00:00,PENDLEUSDT,2026-09-29 00:00:00+00:00,2.324,0.4881104579717378,48.81104579717378,3696887.2792,False
2026-09-30T04:48:46.604098+00:00,QNTUSDT,2026-09-29 00:00:00+00:00,266.8,0.4870018110433897,48.70018110433897,180520253.87441,False
2026-09-30T04:48:46.604098+00:00,SUSDT,2026-09-29 00:00:00+00:00,0.03762,0.4869019373313772,48.69019373313772,1231364.950404,False
2026-09-30T04:48:46.604098+00:00,XAUTUSDT,2026-09-29 00:00:00+00:00,4185.17,0.4861446575822742,48.61446575822742,30605190.383078,False
2026-09-30T04:48:46.604098+00:00,SUSHIUSDT,2026-09-29 00:00:00+00:00,0.2623,0.48598755324427584,48.598755324427586,1591410.45625,False
2026-09-30T04:48:46.604098+00:00,FORMUSDT,2026-09-29 00:00:00+00:00,0.2878,0.4849972814587487,48.49972814587487,1163063.84174,False
2026-09-30T04:48:46.604098+00:00,PLUMEUSDT,2026-09-29 00:00:00+00:00,0.01757,0.48470886711910716,48.470886711910715,4770639.64696,False
2026-09-30T04:48:46.604098+00:00,ETCUSDT,2026-09-29 00:00:00+00:00,9.09,0.48455859395921824,48.45585939592183,5272993.5423,False
2026-09-30T04:48:46.604098+00:00,JSTUSDT,2026-09-29 00:00:00+00:00,0.12703,0.48428583890759164,48.428583890759164,5104403.280729,False
2026-09-30T04:48:46.604098+00:00,ORCAUSDT,2026-09-29 00:00:00+00:00,1.606,0.4840405271008693,48.40405271008693,1043992.16159,False
2026-09-30T04:48:46.604098+00:00,ASTERUSDT,2026-09-29 00:00:00+00:00,0.7254,0.4839365105120408,48.39365105120408,17424275.761146,False
2026-09-30T04:48:46.604098+00:00,RUNEUSDT,2026-09-29 00:00:00+00:00,0.752,0.4821686656395412,48.21686656395412,9150167.5919,False
2026-09-30T04:48:46.604098+00:00,WBTCUSDT,2026-09-29 00:00:00+00:00,83635.89,0.4806082996200081,48.06082996200081,2571352.3286927,False
2026-09-30T04:48:46.604098+00:00,WBETHUSDT,2026-09-29 00:00:00+00:00,2962.67,0.4804970321252347,48.04970321252347,1230822.356358,False
2026-09-30T04:48:46.604098+00:00,STXUSDT,2026-09-29 00:00:00+00:00,0.3169,0.4801565800178884,48.01565800178884,1068229.28635,False
2026-09-30T04:48:46.604098+00:00,币安人生USDT,2026-09-29 00:00:00+00:00,0.5098,0.47846355862843093,47.84635586284309,2710837.11316,False
2026-09-30T04:48:46.604098+00:00,LINEAUSDT,2026-09-29 00:00:00+00:00,0.002893,0.47760794833586556,47.76079483358656,1015213.194219,False
2026-09-30T04:48:46.604098+00:00,ORDIUSDT,2026-09-29 00:00:00+00:00,4.586,0.47759640497825595,47.75964049782559,2023046.29258,False
2026-09-30T04:48:46.604098+00:00,CRVUSDT,2026-09-29 00:00:00+00:00,0.3811,0.47665636251549864,47.66563625154986,18522261.46581,False
2026-09-30T04:48:46.604098+00:00,PEPEUSDT,2026-09-29 00:00:00+00:00,4.26e-06,0.4766251836912691,47.66251836912691,28861208.36704492,False
2026-09-30T04:48:46.604098+00:00,HBARUSDT,2026-09-29 00:00:00+00:00,0.10241,0.47431200995650813,47.43120099565081,78291801.57516,False
2026-09-30T04:48:46.604098+00:00,ARKMUSDT,2026-09-29 00:00:00+00:00,0.13,0.4734185954483958,47.34185954483958,1579239.79894,False
2026-09-30T04:48:46.604098+00:00,SPCXBUSDT,2026-09-29 00:00:00+00:00,149.62,0.47245784950712916,47.24578495071292,15307434.44916,False
2026-09-30T04:48:46.604098+00:00,DASHUSDT,2026-09-29 00:00:00+00:00,60.81,0.472312188178445,47.2312188178445,15832488.89998,False
2026-09-30T04:48:46.604098+00:00,VETUSDT,2026-09-29 00:00:00+00:00,0.008758,0.47225105737343076,47.22510573734308,1713989.0509467,False
2026-09-30T04:48:46.604098+00:00,SUPERUSDT,2026-09-29 00:00:00+00:00,0.1921,0.4720073328389775,47.20073328389775,1048259.2745,False
2026-09-30T04:48:46.604098+00:00,TRUMPUSDT,2026-09-29 00:00:00+00:00,2.026,0.4718469750152187,47.184697501521875,18420452.05973,False
2026-09-30T04:48:46.604098+00:00,AEROUSDT,2026-09-29 00:00:00+00:00,0.8107,0.47127700911833104,47.1277009118331,6451814.50603,False
2026-09-30T04:48:46.604098+00:00,CFGUSDT,2026-09-29 00:00:00+00:00,0.153,0.4699634938050043,46.996349380500426,3473509.00596,False
2026-09-30T04:48:46.604098+00:00,XLMUSDT,2026-09-29 00:00:00+00:00,0.2223,0.4684689605597055,46.84689605597055,39027635.8613,False
2026-09-30T04:48:46.604098+00:00,NMRUSDT,2026-09-29 00:00:00+00:00,12.15,0.46688341408729966,46.68834140872997,12301555.8523,False
2026-09-30T04:48:46.604098+00:00,RAYUSDT,2026-09-29 00:00:00+00:00,1.9137,0.46666325685296495,46.66632568529649,6614903.78371,False
2026-09-30T04:48:46.604098+00:00,ZENUSDT,2026-09-29 00:00:00+00:00,6.938,0.4659296645233538,46.59296645233538,3939448.19302,False
2026-09-30T04:48:46.604098+00:00,METUSDT,2026-09-29 00:00:00+00:00,0.3264,0.46567713962394985,46.56771396239498,2332072.34171,False
2026-09-30T04:48:46.604098+00:00,GUSDT,2026-09-29 00:00:00+00:00,0.00491,0.4645523984478775,46.45523984478775,1034248.2445,False
2026-09-30T04:48:46.604098+00:00,GENIUSUSDT,2026-09-29 00:00:00+00:00,0.3202,0.4644867254798282,46.448672547982824,1334426.83847,False
2026-09-30T04:48:46.604098+00:00,PROVEUSDT,2026-09-29 00:00:00+00:00,0.2384,0.4631528512780039,46.31528512780039,1428766.62892,False
2026-09-30T04:48:46.604098+00:00,CVXUSDT,2026-09-29 00:00:00+00:00,2.187,0.46245800287029243,46.24580028702924,2851688.99184,False
2026-09-30T04:48:46.604098+00:00,MUBARAKUSDT,2026-09-29 00:00:00+00:00,0.06195,0.46124083656747883,46.124083656747885,10041365.261072,False
2026-09-30T04:48:46.604098+00:00,SOXLBUSDT,2026-09-29 00:00:00+00:00,149.03,0.46099657551753365,46.09965755175337,2078598.44915,False
2026-09-30T04:48:46.604098+00:00,SOXSBUSDT,2026-09-29 00:00:00+00:00,32.83,0.46054253025470787,46.054253025470786,2399189.6964,False
2026-09-30T04:48:46.604098+00:00,SANDUSDT,2026-09-29 00:00:00+00:00,0.04374,0.46006663533028,46.006663533028004,1107574.09703,False
2026-09-30T04:48:46.604098+00:00,ALGOUSDT,2026-09-29 00:00:00+00:00,0.1256,0.4599541805705699,45.995418057056995,12504617.8559,False
2026-09-30T04:48:46.604098+00:00,CELOUSDT,2026-09-29 00:00:00+00:00,0.09999,0.4597105949916987,45.97105949916987,10626598.815453,False
2026-09-30T04:48:46.604098+00:00,BTCUSDT,2026-09-29 00:00:00+00:00,83663.66,0.45676512427642874,45.676512427642876,1070369780.9383069,False
2026-09-30T04:48:46.604098+00:00,FFUSDT,2026-09-29 00:00:00+00:00,0.12601,0.45557434129554114,45.55743412955412,1346697.360232,False
2026-09-30T04:48:46.604098+00:00,EIGENUSDT,2026-09-29 00:00:00+00:00,0.2507,0.4539668129987602,45.39668129987602,3639857.433074,False
2026-09-30T04:48:46.604098+00:00,SYRUPUSDT,2026-09-29 00:00:00+00:00,0.2343,0.45222278863487475,45.222278863487475,5813823.19012,False
2026-09-30T04:48:46.604098+00:00,BCHUSDT,2026-09-29 00:00:00+00:00,307.7,0.45158591462678954,45.158591462678956,20180088.9256,False
2026-09-30T04:48:46.604098+00:00,POLUSDT,2026-09-29 00:00:00+00:00,0.11764,0.4505471728082949,45.05471728082949,15820690.726422,False
2026-09-30T04:48:46.604098+00:00,KSMUSDT,2026-09-29 00:00:00+00:00,4.83,0.45004481198563423,45.004481198563425,1144232.48558,False
2026-09-30T04:48:46.604098+00:00,AUDIOUSDT,2026-09-29 00:00:00+00:00,0.01555,0.44950437385336295,44.95043738533629,1115515.676927,False
2026-09-30T04:48:46.604098+00:00,NVDABUSDT,2026-09-29 00:00:00+00:00,228.47,0.44798053188576253,44.798053188576255,10280110.81757,False
2026-09-30T04:48:46.604098+00:00,TSLABUSDT,2026-09-29 00:00:00+00:00,354.35,0.4472862307019976,44.72862307019976,4212948.13232,False
2026-09-30T04:48:46.604098+00:00,ZAMAUSDT,2026-09-29 00:00:00+00:00,0.07498,0.4470268903171623,44.70268903171623,5982447.66794,False
2026-09-30T04:48:46.604098+00:00,BBUSDT,2026-09-29 00:00:00+00:00,0.00939,0.4469587341284648,44.69587341284648,1295178.085326,False
2026-09-30T04:48:46.604098+00:00,MIRAUSDT,2026-09-29 00:00:00+00:00,0.05226,0.44673972359946595,44.673972359946596,1819567.332893,False
2026-09-30T04:48:46.604098+00:00,WLDUSDT,2026-09-29 00:00:00+00:00,0.4837,0.4441194300025038,44.41194300025038,54099335.54346,False
2026-09-30T04:48:46.604098+00:00,CFXUSDT,2026-09-29 00:00:00+00:00,0.05458,0.4438539137633011,44.385391376330105,1490772.3767,False
2026-09-30T04:48:46.604098+00:00,IOUSDT,2026-09-29 00:00:00+00:00,0.1575,0.44159589547640377,44.15958954764038,1351136.515906,False
2026-09-30T04:48:46.604098+00:00,UNIUSDT,2026-09-29 00:00:00+00:00,8.889,0.441371577769065,44.1371577769065,70514652.11459,False
2026-09-30T04:48:46.604098+00:00,CAKEUSDT,2026-09-29 00:00:00+00:00,2.551,0.4407484236302708,44.07484236302708,5762429.88441,False
2026-09-30T04:48:46.604098+00:00,LINKUSDT,2026-09-29 00:00:00+00:00,14.607,0.440154691170473,44.0154691170473,60728602.60861,False
2026-09-30T04:48:46.604098+00:00,ATOMUSDT,2026-09-29 00:00:00+00:00,1.724,0.44010643081278983,44.010643081278985,6750574.65716,False
2026-09-30T04:48:46.604098+00:00,GRTUSDT,2026-09-29 00:00:00+00:00,0.0292,0.4398232373788044,43.98232373788044,2821035.77634,False
2026-09-30T04:48:46.604098+00:00,HUMAUSDT,2026-09-29 00:00:00+00:00,0.02955,0.43957898223097663,43.957898223097665,3439945.02808,False
2026-09-30T04:48:46.604098+00:00,API3USDT,2026-09-29 00:00:00+00:00,0.2844,0.43729022576646337,43.72902257664634,1768773.150544,False
2026-09-30T04:48:46.604098+00:00,BFUSDUSDT,2026-09-29 00:00:00+00:00,0.9997,0.433612702618117,43.361270261811704,1542733.7326,False
2026-09-30T04:48:46.604098+00:00,FETUSDT,2026-09-29 00:00:00+00:00,0.2225,0.43132197943065026,43.13219794306502,27330198.97164,False
2026-09-30T04:48:46.604098+00:00,PENGUUSDT,2026-09-29 00:00:00+00:00,0.009971,0.4298308762712146,42.983087627121456,15354806.717655,False
2026-09-30T04:48:46.604098+00:00,CHIPUSDT,2026-09-29 00:00:00+00:00,0.04401,0.42857226192814357,42.85722619281436,2204691.97163,False
2026-09-30T04:48:46.604098+00:00,LITEBUSDT,2026-09-29 00:00:00+00:00,980.18,0.42636374416184003,42.636374416184005,1082321.4845,False
2026-09-30T04:48:46.604098+00:00,LUMIAUSDT,2026-09-29 00:00:00+00:00,0.0882,0.4243312452581761,42.43312452581761,1619344.593266,False
2026-09-30T04:48:46.604098+00:00,DOTUSDT,2026-09-29 00:00:00+00:00,1.193,0.41893100879492823,41.89310087949282,12332515.32141,False
2026-09-30T04:48:46.604098+00:00,SKYUSDT,2026-09-29 00:00:00+00:00,0.08182,0.4189286884773522,41.89286884773522,6237344.24446,False
2026-09-30T04:48:46.604098+00:00,GPSUSDT,2026-09-29 00:00:00+00:00,0.01028,0.4188771674268815,41.887716742688156,1413982.416691,False
2026-09-30T04:48:46.604098+00:00,UUSDT,2026-09-29 00:00:00+00:00,0.9998,0.4183212063308432,41.832120633084315,23432218.3462,False
2026-09-30T04:48:46.604098+00:00,NEARUSDT,2026-09-29 00:00:00+00:00,4.886,0.41783529093157973,41.78352909315797,197606298.0369,False
2026-09-30T04:48:46.604098+00:00,REZUSDT,2026-09-29 00:00:00+00:00,0.00428,0.4173991233374234,41.73991233374234,1145992.8708306,False
2026-09-30T04:48:46.604098+00:00,REUSDT,2026-09-29 00:00:00+00:00,0.4766,0.4171220219312423,41.712202193124234,2169816.90159,False
2026-09-30T04:48:46.604098+00:00,GLMRUSDT,2026-09-29 00:00:00+00:00,0.007771,0.4157040500125643,41.570405001256425,1005164.7984187,False
2026-09-30T04:48:46.604098+00:00,AXSUSDT,2026-09-29 00:00:00+00:00,1.146,0.4147008552124073,41.470085521240726,1852849.53011,False
2026-09-30T04:48:46.604098+00:00,COWUSDT,2026-09-29 00:00:00+00:00,0.1614,0.41391158905648984,41.391158905648986,1271836.2421,False
2026-09-30T04:48:46.604098+00:00,SNXUSDT,2026-09-29 00:00:00+00:00,0.2544,0.4138598371213018,41.385983712130184,1135682.22108,False
2026-09-30T04:48:46.604098+00:00,BIOUSDT,2026-09-29 00:00:00+00:00,0.03088,0.4117257063460853,41.17257063460853,2691105.620102,False
2026-09-30T04:48:46.604098+00:00,ENSUSDT,2026-09-29 00:00:00+00:00,7.05,0.41167383672280655,41.16738367228066,2703328.1859,False
2026-09-30T04:48:46.604098+00:00,BERAUSDT,2026-09-29 00:00:00+00:00,0.2349,0.4114212164972964,41.14212164972964,6795075.2813266,False
2026-09-30T04:48:46.604098+00:00,ROBOUSDT,2026-09-29 00:00:00+00:00,0.00876,0.40984073862832887,40.98407386283289,1160408.81221,False
2026-09-30T04:48:46.604098+00:00,SAGAUSDT,2026-09-29 00:00:00+00:00,0.02574,0.409760946401403,40.976094640140296,6118913.111378,False
2026-09-30T04:48:46.604098+00:00,FILUSDT,2026-09-29 00:00:00+00:00,1.0586,0.40722849575440934,40.72284957544093,14649000.961753,False
2026-09-30T04:48:46.604098+00:00,PEOPLEUSDT,2026-09-29 00:00:00+00:00,0.00939,0.4061836617515649,40.61836617515649,1386772.723197,False
2026-09-30T04:48:46.604098+00:00,ONDOUSDT,2026-09-29 00:00:00+00:00,0.502,0.40506800031697476,40.50680003169747,30948435.98272,False
2026-09-30T04:48:46.604098+00:00,XPLUSDT,2026-09-29 00:00:00+00:00,0.0958,0.4042736054232116,40.42736054232116,19152402.673837,False
2026-09-30T04:48:46.604098+00:00,KMNOUSDT,2026-09-29 00:00:00+00:00,0.04403,0.403756881638218,40.3756881638218,1134940.32339,False
2026-09-30T04:48:46.604098+00:00,QIUSDT,2026-09-29 00:00:00+00:00,0.00335,0.3945792188671853,39.45792188671853,1637518.164812,False
2026-09-30T04:48:46.604098+00:00,NOMUSDT,2026-09-29 00:00:00+00:00,0.00212,0.3906533246603869,39.06533246603869,1839906.572078,False
2026-09-30T04:48:46.604098+00:00,INITUSDT,2026-09-29 00:00:00+00:00,0.103,0.38683782743680645,38.683782743680645,5079206.120011,False
2026-09-30T04:48:46.604098+00:00,WUSDT,2026-09-29 00:00:00+00:00,0.01358,0.38543625378914326,38.54362537891433,3841370.331777,False
2026-09-30T04:48:46.604098+00:00,COTIUSDT,2026-09-29 00:00:00+00:00,0.0132,0.3850983621875534,38.50983621875534,2997261.54787,False
2026-09-30T04:48:46.604098+00:00,KORUBUSDT,2026-09-29 00:00:00+00:00,21.51,0.3826488991120167,38.26488991120167,1496760.2783,False
2026-09-30T04:48:46.604098+00:00,LDOUSDT,2026-09-29 00:00:00+00:00,0.4668,0.3802553808283087,38.02553808283087,8110309.104242,False
2026-09-30T04:48:46.604098+00:00,TUTUSDT,2026-09-29 00:00:00+00:00,0.02354,0.37965469167329563,37.965469167329566,1905928.71358,False
2026-09-30T04:48:46.604098+00:00,MINAUSDT,2026-09-29 00:00:00+00:00,0.1412,0.3787621760857603,37.87621760857603,2106871.89907,False
2026-09-30T04:48:46.604098+00:00,GALAUSDT,2026-09-29 00:00:00+00:00,0.002209,0.3776691640656149,37.76691640656149,3073780.075612,False
2026-09-30T04:48:46.604098+00:00,STRKUSDT,2026-09-29 00:00:00+00:00,0.04188,0.3753519716345429,37.53519716345429,5644811.0381811,False
2026-09-30T04:48:46.604098+00:00,OPNUSDT,2026-09-29 00:00:00+00:00,0.0542,0.3746566649451925,37.46566649451925,1645180.65347,False
2026-09-30T04:48:46.604098+00:00,ETHFIUSDT,2026-09-29 00:00:00+00:00,0.7735,0.36826219161243956,36.826219161243955,14755746.85898,False
2026-09-30T04:48:46.604098+00:00,PROMUSDT,2026-09-29 00:00:00+00:00,5.961,0.36751751427202833,36.751751427202834,5268886.70278,False
2026-09-30T04:48:46.604098+00:00,QUICKUSDT,2026-09-29 00:00:00+00:00,0.01052,0.36197832083258735,36.19783208325874,1338896.36317,False
2026-09-30T04:48:46.604098+00:00,BONKUSDT,2026-09-29 00:00:00+00:00,3.64e-06,0.36192552584630683,36.19255258463068,8571981.9732496,False
2026-09-30T04:48:46.604098+00:00,STGUSDT,2026-09-29 00:00:00+00:00,0.1433,0.35854330049243366,35.854330049243366,1355746.2354,False
2026-09-30T04:48:46.604098+00:00,2ZUSDT,2026-09-29 00:00:00+00:00,0.06508,0.35774366440436123,35.774366440436125,2099296.00194,False
2026-09-30T04:48:46.604098+00:00,JUPUSDT,2026-09-29 00:00:00+00:00,0.3299,0.35525983919783316,35.525983919783314,5697072.03629,False
2026-09-30T04:48:46.604098+00:00,SPKUSDT,2026-09-29 00:00:00+00:00,0.023475,0.3547455925226252,35.47455925226252,2244294.528017,False
2026-09-30T04:48:46.604098+00:00,HEMIUSDT,2026-09-29 00:00:00+00:00,0.00615,0.3534645797964358,35.34645797964358,1357282.389326,False
2026-09-30T04:48:46.604098+00:00,BABYUSDT,2026-09-29 00:00:00+00:00,0.01384,0.3463257157041819,34.63257157041819,93272910.99978,False
2026-09-30T04:48:46.604098+00:00,ROSEUSDT,2026-09-29 00:00:00+00:00,0.00892,0.34483695801300474,34.48369580130047,2239913.23699,False
2026-09-30T04:48:46.604098+00:00,LSKUSDT,2026-09-29 00:00:00+00:00,0.2985,0.3424716379922201,34.24716379922201,4474545.0687,False
2026-09-30T04:48:46.604098+00:00,AMPUSDT,2026-09-29 00:00:00+00:00,0.000638,0.34244386471067434,34.244386471067436,1967876.705985,False
2026-09-30T04:48:46.604098+00:00,PUMPUSDT,2026-09-29 00:00:00+00:00,0.005889,0.3403150751065256,34.03150751065256,85421187.729505,False
2026-09-30T04:48:46.604098+00:00,ICPUSDT,2026-09-29 00:00:00+00:00,3.44,0.33385574324271716,33.385574324271715,29346833.00195,False
2026-09-30T04:48:46.604098+00:00,PHAUSDT,2026-09-29 00:00:00+00:00,0.0711,0.3322061280624555,33.22061280624555,13124010.2977,False
2026-09-30T04:48:46.604098+00:00,KAITOUSDT,2026-09-29 00:00:00+00:00,0.3357,0.325386956290898,32.5386956290898,2212502.95642,False
2026-09-30T04:48:46.604098+00:00,RAREUSDT,2026-09-29 00:00:00+00:00,0.0181,0.32348984184153573,32.34898418415357,2440465.908709,False
2026-09-30T04:48:46.604098+00:00,AAVEUSDT,2026-09-29 00:00:00+00:00,165.28,0.3234168908517817,32.341689085178174,84803651.4914,False
2026-09-30T04:48:46.604098+00:00,BROCCOLI714USDT,2026-09-29 00:00:00+00:00,0.02571,0.31950582662987564,31.950582662987564,1311751.42649,False
2026-09-30T04:48:46.604098+00:00,XUSDUSDT,2026-09-29 00:00:00+00:00,1.0009,0.3173653956307989,31.73653956307989,3810265.0758,False
2026-09-30T04:48:46.604098+00:00,ALICEUSDT,2026-09-29 00:00:00+00:00,0.1676,0.31568206575125446,31.568206575125444,5417095.790807,False
2026-09-30T04:48:46.604098+00:00,COMPUSDT,2026-09-29 00:00:00+00:00,24.8,0.3112027966765938,31.12027966765938,3578469.75365,False
2026-09-30T04:48:46.604098+00:00,TRBUSDT,2026-09-29 00:00:00+00:00,21.04,0.30958953212356494,30.958953212356494,4416430.96165,False
2026-09-30T04:48:46.604098+00:00,ARKUSDT,2026-09-29 00:00:00+00:00,0.2516,0.3066658113236597,30.666581132365973,1163941.1562,False
2026-09-30T04:48:46.604098+00:00,JASMYUSDT,2026-09-29 00:00:00+00:00,0.00526,0.29668251228902204,29.668251228902204,3027103.253409,False
