symbol,signal_open_time,entry_time,exit_time,ai_score,return_column,net_return,allocated_usdt,pnl_usdt
SOXSBUSDT,2026-09-30 00:00:00+00:00,2026-10-01 00:00:00+00:00,2026-10-02 00:00:00+00:00,0.702347873410352,net_return_cost_0_2,-0.0637675007918909,20.0,-1.2753500158378182
EURIUSDT,2026-10-01 00:00:00+00:00,2026-10-02 00:00:00+00:00,2026-10-03 00:00:00+00:00,0.8230691510768045,net_return_cost_0_2,-0.0020889205050684,19.74492999683244,-0.041245589141523424
SOXSBUSDT,2026-10-01 00:00:00+00:00,2026-10-02 00:00:00+00:00,2026-10-03 00:00:00+00:00,0.7436491395628102,net_return_cost_0_2,-0.0043632680621201,19.74492999683244,-0.08615242244397611
SOXSBUSDT,2026-09-30 00:00:00+00:00,2026-10-01 00:00:00+00:00,2026-10-02 00:00:00+00:00,0.702347873410352,net_return_cost_0_3,-0.0647675007918909,20.0,-1.2953500158378182
EURIUSDT,2026-10-01 00:00:00+00:00,2026-10-02 00:00:00+00:00,2026-10-03 00:00:00+00:00,0.8230691510768045,net_return_cost_0_3,-0.0030889205050684,19.74092999683244,-0.06097816345633558
SOXSBUSDT,2026-10-01 00:00:00+00:00,2026-10-02 00:00:00+00:00,2026-10-03 00:00:00+00:00,0.7436491395628102,net_return_cost_0_3,-0.0053632680621201,19.74092999683244,-0.10587589936856007
SOXSBUSDT,2026-09-30 00:00:00+00:00,2026-10-01 00:00:00+00:00,2026-10-02 00:00:00+00:00,0.702347873410352,net_return_cost_0_5,-0.0667675007918909,20.0,-1.3353500158378178
EURIUSDT,2026-10-01 00:00:00+00:00,2026-10-02 00:00:00+00:00,2026-10-03 00:00:00+00:00,0.8230691510768045,net_return_cost_0_5,-0.0050889205050684,19.73292999683244,-0.10041931208595992
SOXSBUSDT,2026-10-01 00:00:00+00:00,2026-10-02 00:00:00+00:00,2026-10-03 00:00:00+00:00,0.7436491395628102,net_return_cost_0_5,-0.0073632680621201,19.73292999683244,-0.14529885321772798
